{"distinct_id":"019efe15-30af-776e-a8dc-afeb855df8fa","event":"depthai_rvc2_device_usage","properties":{"$lib":"depthai-core","$lib_version":"3.7.1","$process_person_profile":false,"$session_id":"019efe29-c43f-7fba-ac64-51707f4298eb","chip_temperature":{"average":32.728267669677734,"css":33.925025939941406,"dss":32.249305725097656,"mss":32.489437103271484,"upa":32.249305725097656},"cmx_memory_usage":{"remaining":486400,"total":2621440,"used":2135040},"ddr_memory_usage":{"remaining":349019135,"total":349150207,"used":131072},"device_id":"019efe25-1613-7741-bfb1-b5d22f69731e","leon_css_cpu_usage":{"average":0.5286099910736084,"ms_time":5000},"leon_css_memory_usage":{"remaining":75727240,"total":83613304,"used":7886064},"leon_mss_cpu_usage":{"average":0.006569981575012207,"ms_time":4000},"leon_mss_memory_usage":{"remaining":36632192,"total":39669624,"used":3037432},"source_component":"depthai-core","source_product":"depthai"},"timestamp":"2026-06-25T09:43:38.258Z","uuid":"2bc32d2b-3721-4f7a-8b3e-f50d362bd6af"}