{"distinct_id":"019efe15-30af-776e-a8dc-afeb855df8fa","event":"depthai_rvc2_device_usage","properties":{"$lib":"depthai-core","$lib_version":"3.7.1","$process_person_profile":false,"$session_id":"019efea2-f448-7412-b040-db4248d1bcc9","chip_temperature":{"average":32.906761169433594,"css":34.63949203491211,"dss":32.249305725097656,"mss":32.0089225769043,"upa":32.72932052612305},"cmx_memory_usage":{"remaining":486400,"total":2621440,"used":2135040},"ddr_memory_usage":{"remaining":349019135,"total":349150207,"used":131072},"device_id":"019efe25-1613-7741-bfb1-b5d22f69731e","leon_css_cpu_usage":{"average":0.2200000286102295,"ms_time":4000},"leon_css_memory_usage":{"remaining":75727240,"total":83613304,"used":7886064},"leon_mss_cpu_usage":{"average":0.0069699883460998535,"ms_time":4000},"leon_mss_memory_usage":{"remaining":36632192,"total":39669624,"used":3037432},"source_component":"depthai-core","source_product":"depthai"},"timestamp":"2026-06-25T11:56:00.280Z","uuid":"1d9845ce-6a75-4d54-944a-9b45062e241b"}