{"distinct_id":"019f033c-0866-7ce4-8676-1a2e666f1476","event":"depthai_rvc2_device_usage","properties":{"$lib":"depthai-core","$lib_version":"3.7.1","$process_person_profile":false,"$session_id":"019f03e5-2898-714f-a3e9-a323ef680516","chip_temperature":{"average":37.942283630371094,"css":39.579193115234375,"dss":37.24032211303711,"mss":37.944522857666016,"upa":37.005104064941406},"cmx_memory_usage":{"remaining":8192,"total":2621440,"used":2613248},"ddr_memory_usage":{"remaining":334017535,"total":349150207,"used":15132672},"device_id":"019f039b-b097-70f1-911e-273e59ae0b93","leon_css_cpu_usage":{"average":0.06872004270553589,"ms_time":0},"leon_css_memory_usage":{"remaining":60073928,"total":83613304,"used":23539376},"leon_mss_cpu_usage":{"average":0.010589957237243652,"ms_time":0},"leon_mss_memory_usage":{"remaining":35821152,"total":39669624,"used":3848472},"pipeline_id":"019f03e5-50bf-771d-8bc8-aa3cd1e07c5c","sensor_metrics":[{"exposure":29996.01329885482,"iso":141.348725526413,"lens":122.78684891023273,"name":"imx378","socket":0}],"source_component":"depthai-core","source_product":"depthai"},"timestamp":"2026-06-26T12:31:28.154Z","uuid":"f0e2211b-8759-46ce-9b82-33263eeed5a7"}