{"distinct_id":"019efe15-30af-776e-a8dc-afeb855df8fa","event":"depthai_rvc2_device_usage","properties":{"$lib":"depthai-core","$lib_version":"3.7.1","$process_person_profile":false,"$session_id":"019f0328-0165-711b-908b-f5597f1b3c56","chip_temperature":{"average":37.00370788574219,"css":38.17877197265625,"dss":36.061790466308594,"mss":36.533935546875,"upa":37.24032211303711},"cmx_memory_usage":{"remaining":486400,"total":2621440,"used":2135040},"ddr_memory_usage":{"remaining":349019135,"total":349150207,"used":131072},"device_id":"019efe25-1613-7741-bfb1-b5d22f69731e","leon_css_cpu_usage":{"average":0.31901001930236816,"ms_time":4000},"leon_css_memory_usage":{"remaining":75727240,"total":83613304,"used":7886064},"leon_mss_cpu_usage":{"average":0.0073699951171875,"ms_time":4000},"leon_mss_memory_usage":{"remaining":36632192,"total":39669624,"used":3037432},"source_component":"depthai-core","source_product":"depthai"},"timestamp":"2026-06-26T08:59:49.723Z","uuid":"9560327d-bf01-44a7-8ec2-6da874b309b6"}