{"distinct_id":"019efe15-30af-776e-a8dc-afeb855df8fa","event":"depthai_rvc2_device_usage","properties":{"$lib":"depthai-core","$lib_version":"3.7.1","$process_person_profile":false,"$session_id":"019f02f4-b46d-7ccf-8ae6-6714eaa7006e","chip_temperature":{"average":32.66712188720703,"css":34.401580810546875,"dss":32.249305725097656,"mss":32.249305725097656,"upa":31.768295288085938},"cmx_memory_usage":{"remaining":486400,"total":2621440,"used":2135040},"ddr_memory_usage":{"remaining":349019135,"total":349150207,"used":131072},"device_id":"019efe25-1613-7741-bfb1-b5d22f69731e","leon_css_cpu_usage":{"average":0.4516500234603882,"ms_time":4000},"leon_css_memory_usage":{"remaining":75727240,"total":83613304,"used":7886064},"leon_mss_cpu_usage":{"average":0.007109999656677246,"ms_time":4000},"leon_mss_memory_usage":{"remaining":36632192,"total":39669624,"used":3037432},"source_component":"depthai-core","source_product":"depthai"},"timestamp":"2026-06-26T08:03:51.836Z","uuid":"534a1b29-76d8-46c2-909d-ba49128450aa"}