{"distinct_id":"019ef486-98b1-7214-b652-47e37b850eac","event":"depthai_rvc2_device_usage","properties":{"$lib":"depthai-core","$lib_version":"3.7.1","$process_person_profile":false,"$session_id":"019ef897-892a-7147-a456-42fc8652c3da","chip_temperature":{"average":30.196229934692383,"css":31.768295288085938,"dss":30.07691764831543,"mss":29.59141731262207,"upa":29.348289489746094},"cmx_memory_usage":{"remaining":486400,"total":2621440,"used":2135040},"ddr_memory_usage":{"remaining":349019135,"total":349150207,"used":131072},"device_id":"019ef486-af6e-7f8d-bb2f-9b2e8818d0e8","leon_css_cpu_usage":{"average":0.4588499665260315,"ms_time":6000},"leon_css_memory_usage":{"remaining":75727240,"total":83613304,"used":7886064},"leon_mss_cpu_usage":{"average":0.005380034446716309,"ms_time":5000},"leon_mss_memory_usage":{"remaining":36632192,"total":39669624,"used":3037432},"source_component":"depthai-core","source_product":"depthai"},"timestamp":"2026-06-24T07:45:48.196Z","uuid":"42c36684-3998-4e4f-a501-460cc6b6c7be"}